reactionsId,subsetId
140004,419076005
330007,419076005
490008,419076005
586008,419076005
596004,419076005
815008,419076005
832007,419076005
981008,74474003
1070000,419076005
1488000,16932000
1763009,419076005
1794009,419076005
1824008,419076005
2032001,419076005
2066005,74474003
2129002,419076005
2237002,419076005
2365002,419076005
2367005,74474003
2733002,419076005
2919008,16932000
2946003,62315008
3014005,419076005
3094009,16932000
3358001,126485001
3424008,419076005
3533007,126485001
3696007,419076005
3755001,126485001
4275001,419076005
4373005,419076005
4416007,65124004
4448006,419076005
4473006,419076005
4556007,419076005
4568003,419076005
4641009,419076005
4776004,126485001
4859009,126485001
4969004,419076005
5248000,419076005
5300004,419076005
5332004,419076005
5860009,419076005
5888003,419076005
5972002,419076005
6048002,126485001
6072007,74474003
6111009,126485001
6141006,419076005
6273006,419076005
6456007,419076005
6497000,419076005
6561007,419076005
6869001,419076005
6950007,419076005
7011001,419076005
7520000,419076005
7674000,419076005
8009008,419076005
8011004,419076005
8034008,419076005
8148005,419076005
8211008,419076005
8326008,419076005
8493009,419076005
8579004,16932000
8634009,419076005
8641003,419076005
8691004,419076005
8765009,74474003
8913004,419076005
8955008,419076005
9067002,419076005
9209005,419076005
9404003,65124004
9748009,419076005
9768003,419076005
9794007,419076005
9826008,419076005
9991008,419076005
10057001,126485001
10085004,419076005
10601006,419076005
10718002,419076005
10803007,419076005
11003002,62315008
11092001,419076005
11114002,419076005
11354005,419076005
11468004,419076005
11767005,16932000
11806006,419076005
11833005,419076005
12026006,419076005
12063002,74474003
12262002,419076005
12263007,419076005
12274003,74474003
12336008,419076005
12355008,74474003
12584003,419076005
12630008,419076005
12847006,74474003
13059002,419076005
13082000,419076005
13445001,419076005
13791008,419076005
14094001,16932000
14302001,419076005
14384003,62315008
14589007,419076005
14654002,39579001
14760008,419076005
14884007,419076005
14907004,126485001
15013002,419076005
15115006,74474003
15188001,419076005
15238002,74474003
15250008,419076005
15510009,419076005
15539009,419076005
15576007,126485001
15639000,419076005
15699003,62315008
15720001,74474003
15803009,419076005
15902003,74474003
15970005,74474003
16001004,419076005
16269008,419076005
16331000,419076005
16341002,126485001
16694003,74474003
16844001,419076005
16865007,419076005
16932000,16932000
16935003,419076005
17048005,419076005
17067009,74474003
17173007,419076005
17216000,267036007
17440005,419076005
17496003,419076005
17551007,62315008
17593008,74474003
17790008,419076005
17842005,419076005
17866004,419076005
17974002,419076005
17986004,419076005
18168004,62315008
18367003,74474003
18425006,62315008
18726006,419076005
18773000,16932000
18805001,62315008
18846006,16932000
18876004,419076005
18963009,419076005
19213003,62315008
19242006,419076005
19282004,419076005
19364004,126485001
19452008,419076005
19471005,419076005
19514005,126485001
19527009,419076005
19569008,16932000
19657006,419076005
19754005,419076005
20112008,267036007
20301004,419076005
20343006,126485001
20425006,419076005
20502007,419076005
21112004,419076005
21522001,419076005
21897009,419076005
22126005,419076005
22157005,74474003
22199006,419076005
22220005,419076005
22231002,419076005
22253000,419076005
22775002,419076005
22818000,126485001
22972008,126485001
23056005,419076005
23141003,267036007
23615008,419076005
23812009,74474003
23854007,126485001
23924001,419076005
23971007,16932000
24001002,74474003
24079001,419076005
24187003,419076005
24412005,62315008
24693007,419076005
24807004,74474003
24921003,267036007
24982008,419076005
25064002,419076005
25209001,267036007
25289003,419076005
25319005,62315008
25334004,419076005
25349007,74474003
25374005,419076005
25458004,419076005
25501002,419076005
25569003,419076005
25847004,126485001
25858008,126485001
25887009,419076005
25898005,62315008
26006005,419076005
26045000,419076005
26079004,419076005
26141007,419076005
26169004,419076005
26221006,74474003
26237000,419076005
26284000,419076005
26329005,419076005
26374003,65124004
26421009,74474003
26544005,419076005
26664005,419076005
27019000,419076005
27040004,419076005
27152008,16932000
27194006,419076005
27281001,74474003
27355003,419076005
27382006,419076005
27520001,126485001
27536004,419076005
27620007,126485001
27635008,419076005
27719009,74474003
27757009,419076005
28031001,419076005
28391008,419076005
28414003,126485001
28442001,419076005
28590005,419076005
28651003,419076005
28715001,419076005
28724005,419076005
28743005,419076005
28840001,126485001
28945005,74474003
29050005,419076005
29139005,419076005
29164008,419076005
29695002,419076005
29857009,419076005
30069002,419076005
30077003,419076005
30085007,419076005
30227006,419076005
30233002,419076005
30304000,419076005
30654002,419076005
30657009,65124004
30731004,419076005
30744009,267036007
30746006,419076005
30760008,419076005
30833006,419076005
31166000,419076005
31499008,62315008
31681005,419076005
31908003,419076005
31922003,126485001
32035007,419076005
32295003,419076005
33129002,419076005
33339001,126485001
33370009,16932000
33382000,419076005
33653009,419076005
33841007,16932000
34021006,74474003
34038005,419076005
34272008,419076005
34363003,126485001
34560001,267036007
34630004,126485001
34789001,419076005
34923007,16932000
35001004,419076005
35265002,74474003
35298007,419076005
35489007,419076005
35560008,74474003
35678005,419076005
35688006,419076005
36269003,419076005
36311007,419076005
36349006,419076005
36715001,419076005
36729000,419076005
36923009,419076005
36955009,419076005
36975000,74474003
37042000,126485001
37151006,419076005
37224001,16932000
37231002,419076005
37356005,419076005
37372002,74474003
37471005,419076005
37702000,126485001
37796009,419076005
38205001,62315008
38343000,419076005
38403006,419076005
38685005,16932000
38938002,74474003
39384006,419076005
39402007,419076005
39429002,419076005
39479004,419076005
39579001,39579001
39672001,419076005
39931000,419076005
39950000,267036007
39963006,62315008
40175007,126485001
40178009,126485001
40370006,126485001
40541001,419076005
40568001,419076005
40712008,419076005
40739000,419076005
40835002,74474003
41021005,419076005
41156006,126485001
41174002,419076005
41270004,419076005
41291007,65124004
41308008,419076005
41413006,419076005
41652007,419076005
41890004,126485001
41975002,419076005
41986000,74474003
42265009,126485001
42442001,126485001
42513006,419076005
42541005,419076005
42570001,126485001
42698006,74474003
42984000,419076005
43118004,126485001
43153006,419076005
43240000,62315008
43363007,419076005
43364001,419076005
43406003,74474003
43507005,419076005
43516009,419076005
43548008,419076005
43591003,126485001
43724002,419076005
43763009,419076005
44001008,419076005
44057004,419076005
44077006,419076005
44087005,419076005
44169009,419076005
44186003,419076005
44509000,126485001
44564008,419076005
44635007,419076005
44780000,419076005
44913001,419076005
45150006,419076005
45177002,65124004
45326000,419076005
45352006,419076005
45640006,74474003
45994004,16932000
46152009,419076005
46244001,419076005
46523000,74474003
46708007,74474003
46799006,62315008
46847001,419076005
47064007,74474003
47312008,419076005
47372000,419076005
47505003,419076005
47812002,419076005
47841006,419076005
47933007,419076005
48000002,16932000
48167000,419076005
48269007,419076005
48347002,419076005
48409008,419076005
48436005,419076005
48658001,74474003
48694002,419076005
48729005,74474003
48974009,74474003
49206006,16932000
49218002,419076005
49232000,74474003
49237006,62315008
49523001,419076005
49526009,419076005
49563000,419076005
49575005,419076005
49605003,419076005
49650001,419076005
49727002,419076005
50219008,419076005
50438001,419076005
50663005,74474003
50764006,16932000
50776006,419076005
51057008,126485001
51197009,419076005
51339003,419076005
51551000,74474003
51599000,419076005
51611005,126485001
51696001,126485001
51806005,419076005
51847008,74474003
51885006,16932000
52008007,419076005
52031007,16932000
52073004,419076005
52230004,126485001
52368004,419076005
52379009,419076005
52598005,419076005
52613005,419076005
52702003,419076005
52754008,419076005
52897009,419076005
53057004,419076005
53156005,62315008
53337006,74474003
53338001,419076005
53430007,419076005
53726008,419076005
53751009,419076005
53877005,74474003
54200006,419076005
54366004,419076005
54385001,126485001
54388004,419076005
54586004,419076005
54768000,419076005
54792008,126485001
54798007,74474003
55145008,419076005
55222007,419076005
55300003,419076005
55442000,267036007
55475008,419076005
55608001,126485001
55617001,74474003
55728007,419076005
55746001,74474003
55846006,126485001
55985003,419076005
56018004,419076005
56097005,419076005
56170001,419076005
56231002,419076005
56253000,126485001
56317004,419076005
56425003,419076005
56461008,74474003
56608008,419076005
56610005,419076005
56940005,126485001
56977002,419076005
57207003,419076005
57246001,74474003
57419008,419076005
57676002,419076005
57748001,74474003
57769004,267036007
58554001,419076005
58711008,74474003
58872001,126485001
59021001,419076005
59026006,419076005
59050008,419076005
59172008,126485001
59265000,267036007
59275002,419076005
59292006,419076005
59356009,74474003
59515005,74474003
59770006,419076005
59940009,419076005
60002000,419076005
60103007,419076005
60119000,419076005
60210005,419076005
60241006,419076005
60416001,419076005
60555002,419076005
60698006,74474003
60700002,419076005
60728008,65124004
60845006,267036007
60862001,419076005
60967006,419076005
61099007,126485001
61281005,419076005
61300005,74474003
61401005,74474003
61582004,419076005
62315008,62315008
62341002,74474003
62366003,74474003
62452009,419076005
62476001,419076005
62507009,419076005
62607004,419076005
62647006,419076005
62744007,267036007
62838000,74474003
62851005,419076005
63074002,419076005
63454000,419076005
63501000,126485001
63722008,16932000
63901009,419076005
63954007,74474003
64094003,74474003
64109004,419076005
64113006,419076005
64121000,74474003
64144002,126485001
64206003,419076005
64249002,419076005
64269007,419076005
64379006,419076005
64398008,74474003
64491003,419076005
64531003,419076005
64540004,126485001
64581007,16932000
64779008,419076005
64855000,419076005
65038009,126485001
65074000,419076005
65124004,65124004
65605001,419076005
65645005,126485001
65747008,65124004
66270006,419076005
66609003,419076005
66637005,419076005
66657009,419076005
66673003,74474003
66767006,74474003
66857006,419076005
67081008,126485001
67198005,419076005
67233009,419076005
67678004,419076005
67782005,419076005
67882000,126485001
67895005,419076005
68154008,419076005
68162000,74474003
68166002,126485001
68225006,419076005
68235000,419076005
68266006,126485001
68345001,419076005
68467004,419076005
68640004,419076005
68653001,419076005
68659002,419076005
68670009,419076005
68898005,419076005
68962001,419076005
68978004,419076005
69069001,126485001
69192004,419076005
69690008,419076005
69980003,62315008
70346000,419076005
70375006,74474003
70418001,74474003
70558001,419076005
70747007,419076005
70884002,419076005
71303008,419076005
71315007,419076005
71419002,16932000
71884009,419076005
71958004,419076005
72007001,419076005
72042002,419076005
72245005,16932000
72365000,267036007
72405004,419076005
72408002,74474003
72681001,419076005
73098005,126485001
73322006,267036007
73335002,16932000
73371001,419076005
73442001,126485001
73658009,126485001
73762008,419076005
74026008,126485001
74123003,419076005
74323005,419076005
74333002,419076005
74341002,74474003
74474003,74474003
74776002,126485001
75094005,419076005
75140002,419076005
75295004,419076005
75364009,419076005
75483001,419076005
75614007,419076005
75789001,419076005
75803007,419076005
75867005,126485001
75879005,419076005
75884004,74474003
76067001,419076005
76078009,74474003
76097009,126485001
76181002,74474003
76462000,419076005
77123007,419076005
77138008,419076005
77252004,126485001
77300003,126485001
77376005,419076005
77507001,419076005
77661009,74474003
77692006,419076005
77830003,419076005
77880009,419076005
77968000,419076005
77971008,419076005
78129009,419076005
78144005,419076005
78146007,419076005
78370002,419076005
78459008,419076005
78514002,419076005
78631004,126485001
78667006,419076005
78913002,419076005
79280005,419076005
79298009,419076005
79890006,419076005
79893008,126485001
79922009,419076005
80068009,65124004
80182007,419076005
80313002,419076005
80744008,419076005
81142005,74474003
81271001,126485001
81318004,74474003
81387001,74474003
81518000,74474003
81680005,419076005
81856009,126485001
81903006,419076005
81950002,419076005
82275008,419076005
82297005,419076005
82423001,419076005
82470000,419076005
82636008,419076005
82639001,419076005
82721003,126485001
82729001,65124004
82741008,126485001
82934008,419076005
82966003,65124004
82991003,419076005
83132003,419076005
83134002,62315008
83351003,419076005
83458005,419076005
83628005,74474003
83699005,419076005
83839005,126485001
84124004,74474003
84178004,419076005
84229001,419076005
84445001,419076005
84471002,419076005
84480002,419076005
84568007,419076005
84625002,419076005
85007004,419076005
85521005,74474003
85571008,419076005
85787009,74474003
85859006,74474003
85920003,419076005
86030004,419076005
86160006,419076005
86166000,419076005
86258000,74474003
86487001,126485001
86563000,126485001
86615009,62315008
86773000,419076005
86895006,74474003
87065009,419076005
87144001,126485001
87414006,419076005
87486003,419076005
87512008,419076005
87557004,419076005
87621000,16932000
87715008,419076005
87756006,74474003
87763006,74474003
87764000,419076005
87796008,74474003
87872006,419076005
88151007,419076005
88233000,126485001
88278002,419076005
88522004,419076005
88697005,126485001
88899005,419076005
88995000,419076005
89091004,419076005
89099002,419076005
89105000,419076005
89390009,419076005
89419008,419076005
89469000,74474003
89555002,419076005
89687005,419076005
89748001,74474003
90092004,419076005
90257004,74474003
90325002,16932000
90446007,126485001
90489006,74474003
90834002,419076005
91019004,419076005
91173007,16932000
91175000,419076005
91487003,126485001
91514001,419076005
91612009,419076005
93423006,419076005
95322002,419076005
95328003,126485001
95332009,126485001
95352005,65124004
95353000,419076005
95364002,419076005
95365001,419076005
95366000,419076005
95368004,419076005
95369007,419076005
95370008,419076005
95371007,419076005
95372000,419076005
95373005,419076005
95374004,419076005
95375003,419076005
95388000,419076005
95392007,419076005
95394008,126485001
95421005,419076005
95437004,419076005
95439001,419076005
95531001,74474003
95533003,74474003
95535005,74474003
95540002,74474003
95544006,62315008
95545007,62315008
95548009,419076005
95590003,126485001
95654002,419076005
95655001,419076005
95668009,419076005
102482005,419076005
102549009,419076005
102556003,419076005
102558002,419076005
102560000,419076005
102562008,419076005
102563003,419076005
102564009,419076005
102565005,419076005
102566006,419076005
102570003,419076005
102572006,419076005
102573001,419076005
102575008,419076005
102576009,419076005
102577000,267036007
102588006,419076005
102589003,419076005
102591006,419076005
102599008,419076005
102606000,126485001
102614006,419076005
102619001,419076005
102835006,419076005
103014001,419076005
103015000,419076005
109773002,419076005
110989007,126485001
111188005,126485001
111255008,419076005
111278002,419076005
111353003,74474003
111360009,419076005
111475002,419076005
111523009,419076005
111541001,419076005
115666004,419076005
118230007,419076005
118654009,419076005
123583002,419076005
123584008,126485001
123640000,419076005
123705009,126485001
126485001,126485001
127086001,419076005
128200000,419076005
128333008,62315008
128473001,419076005
129585003,419076005
129597002,16932000
129598007,16932000
129627002,419076005
129847007,419076005
131148009,419076005
135860001,419076005
135882008,419076005
135883003,419076005
135888007,419076005
139394000,419076005
161831008,419076005
161832001,419076005
161833006,419076005
161855003,419076005
161857006,419076005
161873000,419076005
161874006,419076005
161891005,419076005
161892003,419076005
161893008,419076005
161894002,419076005
161896000,419076005
161923004,419076005
161924005,419076005
161925006,419076005
161932002,419076005
161933007,419076005
161939006,267036007
161940008,267036007
161941007,267036007
161947006,419076005
161959005,419076005
161969004,419076005
161972006,419076005
161973001,419076005
161974007,419076005
161977000,419076005
161996001,419076005
161997005,419076005
161998000,419076005
162007004,65124004
162011005,419076005
162024005,419076005
162025006,419076005
162030005,419076005
162031009,419076005
162038003,419076005
162039006,419076005
162042000,419076005
162046002,419076005
162047006,419076005
162048001,419076005
162049009,419076005
162050009,419076005
162051008,419076005
162052001,419076005
162053006,419076005
162059005,419076005
162068007,65124004
162106006,419076005
162116003,419076005
162128006,419076005
162138001,419076005
162143008,419076005
162145001,419076005
162147009,419076005
162148004,419076005
162156001,419076005
162189001,419076005
162200009,419076005
162204000,419076005
162211001,419076005
162227008,419076005
162236007,419076005
162248005,419076005
162277006,419076005
162278001,419076005
162288000,126485001
162290004,419076005
162297001,419076005
162299003,419076005
162301005,419076005
162304002,419076005
162307009,419076005
162308004,419076005
162309007,419076005
162310002,419076005
162349004,419076005
162351000,419076005
162352007,419076005
162353002,419076005
162354008,419076005
162356005,419076005
162359003,419076005
162367006,419076005
162382001,419076005
162383006,65124004
162397003,419076005
162410003,65124004
162415008,419076005
162494006,419076005
162502002,419076005
162503007,419076005
162504001,419076005
162505000,419076005
162506004,419076005
162683001,419076005
162722001,419076005
162773009,419076005
162777005,419076005
162781005,419076005
162782003,419076005
162797000,419076005
162804007,419076005
162890008,419076005
162891007,419076005
162892000,419076005
162894004,419076005
162899009,419076005
162916002,419076005
162992001,419076005
163140002,419076005
163145007,419076005
163147004,419076005
163148009,419076005
163168003,419076005
163214004,419076005
163215003,419076005
163216002,419076005
163217006,419076005
163218001,419076005
163219009,419076005
163220003,419076005
163221004,419076005
163222006,419076005
163236001,419076005
163267004,419076005
163358002,419076005
163410005,419076005
163422008,419076005
163424009,419076005
163425005,419076005
163426006,419076005
163427002,419076005
163428007,419076005
163429004,419076005
163430009,419076005
163431008,419076005
163608000,419076005
163664000,419076005
163666003,419076005
163667007,419076005
163668002,419076005
163669005,419076005
163707002,419076005
163708007,419076005
163728006,419076005
163729003,419076005
163730008,419076005
163774005,419076005
163885003,419076005
163890000,419076005
163891001,419076005
163919004,419076005
163920005,419076005
163922002,419076005
163923007,419076005
163925000,419076005
163931002,419076005
163932009,419076005
164050008,419076005
164055003,419076005
164056002,419076005
164086009,419076005
164148003,419076005
164150006,419076005
164151005,419076005
164152003,419076005
164155001,419076005
164156000,419076005
164157009,419076005
164158004,419076005
164159007,419076005
164160002,419076005
164167004,419076005
164182009,419076005
164184005,419076005
164185006,419076005
164186007,419076005
164196003,419076005
164197007,419076005
164199005,419076005
164219003,419076005
164221008,419076005
164222001,419076005
164246008,419076005
164247004,419076005
164276001,419076005
164277005,419076005
164278000,419076005
164282003,419076005
164288004,419076005
164303007,419076005
164304001,419076005
164307008,419076005
164308003,419076005
164309006,419076005
164311002,419076005
164312009,419076005
164313004,419076005
164314005,419076005
164315006,419076005
164316007,419076005
164323008,419076005
164325001,419076005
164331003,419076005
164361006,419076005
164365002,419076005
164368000,419076005
164369008,419076005
164408004,419076005
164424003,419076005
164426001,419076005
164447002,419076005
164457001,419076005
164464004,419076005
164465003,419076005
164466002,419076005
164467006,419076005
164468001,419076005
164539000,419076005
164550002,419076005
164895002,419076005
165004000,419076005
165009005,419076005
165014009,419076005
165230005,419076005
165232002,419076005
165280004,419076005
165283002,419076005
165286005,419076005
165289003,419076005
165292004,419076005
165295002,419076005
165298000,419076005
165301001,419076005
165308007,419076005
167823007,419076005
167824001,419076005
167827008,419076005
167828003,419076005
167833004,419076005
167835006,419076005
167840003,419076005
167841004,419076005
167842006,419076005
167845008,419076005
167846009,419076005
167847000,419076005
167850002,419076005
167851003,419076005
167855007,419076005
167856008,419076005
167985001,419076005
167986000,419076005
167987009,419076005
167990003,419076005
167991004,419076005
167996009,419076005
167997000,419076005
168000008,419076005
168001007,419076005
168476005,419076005
170839003,419076005
185248009,419076005
186694006,419076005
186738001,419076005
191306005,419076005
191455000,419076005
191457008,419076005
191459006,419076005
191466007,419076005
191610000,419076005
191611001,419076005
191616006,419076005
191627008,419076005
191659001,419076005
191664002,419076005
191708009,419076005
191709001,419076005
191714002,419076005
191746002,419076005
191765005,419076005
191793009,419076005
191816009,419076005
191871005,419076005
191873008,419076005
191874002,419076005
191962000,419076005
191966002,419076005
191970005,16932000
191973007,419076005
191997003,419076005
191999000,419076005
192007009,419076005
192017004,419076005
192029008,419076005
192042008,419076005
192071009,419076005
192072002,419076005
192079006,419076005
192080009,419076005
192136006,419076005
192450008,16932000
192454004,419076005
193028008,419076005
193030005,419076005
193031009,419076005
193039006,419076005
193387007,419076005
193462001,419076005
193662007,419076005
193776001,419076005
193894004,419076005
193967004,65124004
194134005,419076005
194355000,419076005
194361002,419076005
194413008,419076005
194415001,419076005
194416000,419076005
194417009,419076005
194419007,419076005
194424005,419076005
194426007,419076005
194429000,419076005
194437008,419076005
195069001,419076005
195070000,419076005
195071001,419076005
195072008,419076005
195663004,419076005
195669000,419076005
195680000,419076005
195834004,419076005
195989002,419076005
196075003,419076005
196076002,419076005
196077006,419076005
196079009,419076005
196080007,419076005
196081006,419076005
196151000,419076005
196152007,419076005
196153002,419076005
196731005,419076005
196735001,419076005
196746003,16932000
197024006,419076005
197028009,419076005
197092000,74474003
197118003,419076005
197119006,419076005
197120000,419076005
197125005,62315008
197130009,16932000
197132001,62315008
197232005,419076005
197480006,419076005
197834003,419076005
197939009,419076005
198035003,419076005
198068005,419076005
198288003,419076005
198436008,419076005
199022003,16932000
199023008,16932000
199025001,16932000
199027009,16932000
199028004,16932000
200430001,419076005
200697006,419076005
200698001,419076005
200699009,419076005
200700005,419076005
200766001,126485001
200767005,126485001
200948000,126485001
200962007,126485001
200963002,126485001
200964008,126485001
200965009,126485001
200966005,126485001
200967001,126485001
200968006,126485001
200969003,126485001
200972005,126485001
200973000,126485001
200974006,126485001
200981004,126485001
200982006,126485001
200983001,126485001
200984007,126485001
200985008,126485001
200990006,126485001
200993008,126485001
200994002,126485001
201000006,126485001
201001005,126485001
201002003,126485001
201016008,126485001
201017004,126485001
201025002,126485001
201108001,419076005
201109009,419076005
201110004,419076005
201112007,419076005
201114008,419076005
201117001,419076005
201119003,419076005
201120009,419076005
201121008,419076005
201132008,419076005
201133003,419076005
201135005,419076005
201136006,419076005
201137002,419076005
201138007,419076005
201139004,419076005
201140002,419076005
201141003,419076005
201142005,419076005
201143000,419076005
201268009,126485001
201269001,126485001
201311005,419076005
201964002,419076005
201967009,419076005
201968004,419076005
201970008,419076005
201972000,419076005
202472008,419076005
202478007,419076005
202479004,419076005
202480001,419076005
202481002,419076005
202482009,419076005
202483004,419076005
202484005,419076005
202485006,419076005
202487003,419076005
202489000,419076005
202490009,419076005
202491008,419076005
202493006,419076005
202495004,419076005
202496003,419076005
202497007,419076005
202510005,419076005
202841003,419076005
203082005,419076005
203095000,419076005
203102006,419076005
203131005,419076005
203508001,419076005
203509009,419076005
205385004,419076005
205545009,419076005
206201001,65124004
206238001,419076005
206406008,74474003
206408009,74474003
206423004,74474003
206425006,74474003
206538000,419076005
207363009,419076005
212356007,419076005
212358008,419076005
212360005,419076005
213134006,419076005
213299007,419076005
213323001,126485001
213340005,65124004
214264003,419076005
223726008,419076005
225565007,419076005
225587003,419076005
225589000,419076005
225595004,419076005
225624000,419076005
225707003,419076005
230145002,419076005
230325003,419076005
230462002,419076005
230467008,419076005
230471006,419076005
230480006,419076005
230488004,419076005
230759001,419076005
230761005,419076005
230763008,419076005
231482005,419076005
231499006,419076005
231500002,419076005
231504006,419076005
231511005,419076005
231517009,419076005
231854006,419076005
231856008,419076005
231857004,419076005
231921008,419076005
231923006,419076005
232209000,419076005
232234000,419076005
232240007,419076005
232242004,126485001
232353008,419076005
232411006,419076005
232430006,419076005
232435001,419076005
232436000,419076005
232437009,419076005
233683003,419076005
233697006,419076005
233701009,419076005
233702002,419076005
233705000,419076005
233708003,419076005
233712009,419076005
233774000,419076005
233808007,419076005
233845001,419076005
234097001,419076005
234099003,419076005
234102003,419076005
234146006,419076005
234493006,419076005
234495004,419076005
235049008,126485001
235224000,74474003
235595009,419076005
235596005,419076005
235839006,62315008
235840008,419076005
236016008,74474003
236069009,419076005
236070005,419076005
236071009,62315008
236077008,62315008
236078003,62315008
236083006,16932000
236092009,74474003
236093004,74474003
236094005,74474003
236095006,74474003
236096007,74474003
236097003,74474003
236540009,419076005
236648008,419076005
236650000,419076005
236784006,419076005
237101004,419076005
237112004,126485001
237126008,419076005
237453001,419076005
238108007,419076005
238405002,419076005
238428001,419076005
238429009,419076005
238453003,126485001
238520006,419076005
238546005,126485001
238550003,126485001
238575004,419076005
238586002,126485001
238587006,126485001
238589009,126485001
238600001,126485001
238601002,126485001
238602009,126485001
238603004,126485001
238609000,126485001
238611009,126485001
238612002,126485001
238613007,126485001
238615000,126485001
238616004,126485001
238617008,126485001
238618003,126485001
238619006,126485001
238620000,126485001
238621001,126485001
238622008,126485001
238628007,126485001
238629004,126485001
238640007,126485001
238644003,126485001
238645002,126485001
238646001,126485001
238647005,126485001
238648000,126485001
238649008,126485001
238651007,126485001
238652000,126485001
238653005,126485001
238654004,126485001
238655003,126485001
238656002,126485001
238657006,126485001
238658001,126485001
238659009,126485001
238660004,126485001
238661000,126485001
238662007,126485001
238663002,126485001
238664008,126485001
238665009,126485001
238666005,126485001
238667001,126485001
238668006,126485001
238669003,126485001
238670002,126485001
238671003,126485001
238682006,126485001
238690006,126485001
238691005,126485001
238693008,126485001
238697009,126485001
238711000,126485001
238714008,419076005
238725004,419076005
238754005,126485001
238783008,126485001
238806009,419076005
238807000,419076005
238812004,126485001
238816001,126485001
238818000,419076005
238820002,126485001
238923001,419076005
238924007,126485001
238968009,419076005
238991008,126485001
239098009,126485001
239099001,126485001
239100009,126485001
239101008,126485001
239102001,126485001
239103006,126485001
239104000,126485001
239733006,419076005
239803008,126485001
239812005,126485001
239813000,126485001
239949003,419076005
240302002,126485001
241929008,419076005
241951000,419076005
241952007,39579001
241954008,39579001
246635007,419076005
246636008,419076005
247348008,419076005
247350000,419076005
247352008,419076005
247353003,419076005
247354009,419076005
247355005,419076005
247366003,419076005
247369005,419076005
247373008,419076005
247398009,419076005
247404004,419076005
247466004,126485001
247470007,126485001
247471006,126485001
247472004,126485001
247493001,419076005
247541001,419076005
247592009,419076005
247753000,419076005
247762003,419076005
247796005,419076005
247803002,419076005
248096004,419076005
248198001,419076005
248413004,126485001
248457000,419076005
248480008,419076005
248482000,65124004
248483005,65124004
248484004,65124004
248485003,65124004
248486002,65124004
248487006,65124004
248490000,419076005
248491001,65124004
248499004,419076005
248500008,419076005
248501007,419076005
248503005,419076005
248506002,419076005
248508001,419076005
248548009,267036007
248596009,419076005
248599002,419076005
248600004,419076005
248601000,419076005
248602007,419076005
248604008,419076005
248773007,419076005
248779006,419076005
248780009,419076005
249288007,419076005
249468005,419076005
249475006,419076005
249496004,419076005
249497008,419076005
249511005,419076005
249517009,62315008
249519007,62315008
249912007,419076005
249913002,419076005
249914008,419076005
249915009,419076005
249916005,419076005
249917001,419076005
249918006,419076005
249983008,419076005
250082003,419076005
251490001,419076005
254175006,126485001
254199006,419076005
258149004,419076005
260912008,419076005
262527008,419076005
262694001,419076005
262695000,419076005
262701006,419076005
262702004,419076005
262703009,419076005
262704003,419076005
262790002,74474003
262838003,74474003
262843005,74474003
262852001,74474003
262858002,74474003
262865005,74474003
262870003,74474003
262876009,74474003
266342009,419076005
266361008,419076005
266433003,419076005
266435005,419076005
266451002,419076005
266464001,74474003
266601003,419076005
267024001,419076005
267032009,419076005
267036007,267036007
267038008,419076005
267039000,65124004
267041004,65124004
267048005,419076005
267051003,74474003
267054006,419076005
267060006,62315008
267064002,419076005
267067009,419076005
267076002,419076005
267078001,419076005
267083009,419076005
267084003,419076005
267096005,419076005
267102003,419076005
267105001,126485001
267618008,419076005
267642007,419076005
267659002,419076005
267660007,419076005
267802000,126485001
267949000,419076005
267950000,419076005
267952008,419076005
267954009,419076005
267981009,419076005
267982002,419076005
268264007,419076005
268621008,419076005
268637002,419076005
268651002,62315008
268652009,419076005
268653004,419076005
268674003,419076005
268715000,419076005
268850004,62315008
268921005,419076005
268929007,419076005
268938009,419076005
268941000,419076005
268972001,419076005
268989009,419076005
268994009,419076005
270031000,419076005
270487001,419076005
270903007,419076005
271352005,419076005
271354006,419076005
271613005,65124004
271614004,65124004
271615003,65124004
271681002,419076005
271687003,65124004
271700006,419076005
271713000,419076005
271756005,126485001
271757001,126485001
271771009,65124004
271789005,419076005
271795006,419076005
271799000,419076005
271801002,419076005
271807003,126485001
271808008,419076005
271809000,419076005
271811009,419076005
271813007,419076005
271823003,419076005
271825005,419076005
271826006,419076005
271827002,419076005
271828007,419076005
271835004,65124004
271846001,419076005
271848000,419076005
271853005,419076005
271857006,419076005
271858001,419076005
271897009,419076005
271939006,419076005
272022009,419076005
272025006,419076005
272028008,419076005
272031009,419076005
272032002,419076005
272034001,419076005
272039006,419076005
272040008,419076005
272041007,419076005
272044004,419076005
272047006,419076005
272049009,419076005
274640006,419076005
274657005,419076005
274663001,419076005
274665008,419076005
274667000,419076005
274668005,419076005
274671002,419076005
274673004,419076005
274676007,419076005
274708000,419076005
274719002,419076005
274724004,419076005
274734008,419076005
274739003,65124004
274740001,419076005
274741002,419076005
274743004,65124004
274744005,419076005
274754009,65124004
274755005,65124004
274759004,65124004
274948002,419076005
275297005,62315008
275315004,419076005
275316003,419076005
275321000,419076005
275445000,419076005
275446004,419076005
275472008,419076005
275488008,419076005
275718000,419076005
275719008,419076005
275744000,419076005
275745004,419076005
275746003,419076005
275786006,419076005
275875002,419076005
275884002,419076005
275895008,419076005
275896009,419076005
275921007,126485001
275950000,419076005
275956006,419076005
275958007,419076005
276229008,74474003
276444007,126485001
276465001,74474003
276498006,419076005
276508000,419076005
276509008,419076005
276637009,419076005
277170006,419076005
277171005,126485001
277221003,65124004
277223000,65124004
277232003,65124004
277248002,65124004
277257008,65124004
277260001,65124004
277286006,419076005
277490005,419076005
277766008,419076005
277791008,419076005
277799005,126485001
277890004,65124004
277891000,65124004
277900008,419076005
277907006,419076005
277908001,419076005
277910004,419076005
278040002,419076005
278528006,65124004
278853003,419076005
278860009,419076005
278862001,419076005
279028009,419076005
279029001,419076005
279035001,419076005
279039007,419076005
279040009,419076005
279043006,419076005
279069000,419076005
279072007,419076005
279073002,419076005
279074008,419076005
279084009,419076005
279093005,419076005
279095003,419076005
279097006,419076005
279333002,126485001
281016006,419076005
281102003,419076005
281103008,419076005
281245003,419076005
281647001,419076005
281792000,65124004
282054009,74474003
282065004,74474003
282074002,74474003
282299006,419076005
284078000,126485001
284521000,419076005
284523002,419076005
285365001,419076005
285375003,419076005
288199005,16932000
289195008,419076005
289475007,65124004
289476008,65124004
289508005,65124004
289509002,419076005
289524006,65124004
289525007,65124004
289526008,65124004
289796004,419076005
290077003,419076005
290098003,419076005
290101004,65124004
293382000,419076005
297123002,419076005
297142003,65124004
297216006,267036007
297217002,419076005
297958004,126485001
298138003,126485001
298139006,126485001
298231004,419076005
298238005,419076005
298280009,65124004
298349001,65124004
298367008,65124004
298368003,65124004
298369006,65124004
298398005,65124004
298399002,65124004
298400009,65124004
298500007,65124004
298501006,65124004
298502004,65124004
298594006,65124004
298595007,65124004
298596008,65124004
298768000,65124004
298769008,65124004
298770009,65124004
298771008,65124004
298857005,419076005
298870001,65124004
298871002,65124004
298872009,65124004
298873004,65124004
298941006,65124004
298942004,65124004
298943009,65124004
298944003,65124004
299037003,65124004
299060006,65124004
299123009,65124004
299125002,65124004
299126001,65124004
299127005,65124004
299132006,65124004
299133001,65124004
299134007,65124004
299135008,65124004
299232002,65124004
299322007,65124004
299323002,65124004
299324008,65124004
299326005,65124004
299327001,65124004
299414004,65124004
299415003,65124004
299416002,65124004
299417006,65124004
299480001,65124004
299481002,65124004
299482009,65124004
299483004,65124004
299577004,65124004
299578009,65124004
299579001,65124004
299580003,65124004
300359004,419076005
300361008,419076005
300364000,419076005
300366003,419076005
300402000,65124004
300403005,65124004
300471006,419076005
300522004,419076005
300533001,65124004
300706003,419076005
300872008,65124004
300874009,65124004
300875005,65124004
300876006,65124004
300877002,65124004
300878007,65124004
300879004,65124004
300880001,65124004
300881002,65124004
300882009,65124004
300883004,65124004
300884005,65124004
300885006,65124004
300886007,65124004
300887003,65124004
300888008,65124004
300891008,419076005
300953009,419076005
300954003,419076005
300955002,419076005
300959008,419076005
300981003,419076005
301371003,419076005
301372005,419076005
301373000,419076005
301375007,419076005
301376008,419076005
301377004,419076005
301447009,126485001
301469002,62315008
301715003,419076005
301716002,419076005
301717006,419076005
301754002,419076005
301777002,65124004
301867009,419076005
302161006,126485001
302162004,126485001
302163009,126485001
302690004,419076005
302752001,419076005
302896008,419076005
302972002,126485001
304542004,419076005
305469009,419076005
305801003,419076005
307225003,419076005
307233002,74474003
307296008,74474003
307297004,74474003
307653008,419076005
307772002,419076005
308882008,74474003
308903002,419076005
308904008,74474003
309085000,419076005
309461001,419076005
309521004,419076005
309685001,65124004
310292003,419076005
310482008,419076005
310483003,419076005
310484009,419076005
310495003,419076005
310496002,419076005
310497006,419076005
310501001,419076005
310534004,419076005
311826007,419076005
312230002,419076005
312392005,419076005
312911008,419076005
312912001,419076005
312920004,419076005
312921000,419076005
312922007,419076005
312943008,419076005
313288009,419076005
314010006,419076005
314011005,419076005
314015001,419076005
314429009,419076005
314537004,419076005
314631008,419076005
314642004,419076005
314916002,65124004
315226008,419076005
315241008,419076005
315246003,419076005
315248002,419076005
315250005,419076005
315256004,419076005
315592004,419076005
319297003,419076005
331987008,419076005
332982000,16932000
335977000,419076005
360371003,419076005
361098001,419076005
361200005,126485001
361274000,419076005
361275004,419076005
362970003,419076005
363008002,419076005
363746003,419076005
364760007,419076005
366979004,419076005
367498001,419076005
370509002,419076005
371097007,419076005
371631005,419076005
372043009,419076005
373430008,419076005
373645005,419076005
373674001,126485001
386207004,419076005
386661006,419076005
386692008,419076005
386701004,419076005
386705008,419076005
386805003,419076005
386807006,419076005
386810004,419076005
387638003,65124004
387778001,419076005
389145006,419076005
390870001,267036007
390871002,267036007
391103005,419076005
394924000,419076005
395017009,419076005
395122007,419076005
395664008,419076005
396332003,419076005
397741002,126485001
397845003,126485001
398032003,419076005
398057008,419076005
398126006,419076005
398155003,419076005
398212009,419076005
398870000,419076005
399044006,419076005
399122003,419076005
399153001,419076005
399165002,419076005
399864000,419076005
399872003,419076005
399874002,419076005
399875001,419076005
399877009,419076005
399889006,419076005
399992009,126485001
400018004,126485001
400040008,419076005
400051008,126485001
400075008,126485001
400085009,126485001
400088006,419076005
400097005,419076005
400108007,126485001
400126005,126485001
400158000,419076005
400195000,419076005
400201008,126485001
400211001,419076005
400990009,419076005
400991008,419076005
401161007,419076005
401236004,419076005
402178001,126485001
402197001,419076005
402198006,419076005
402199003,419076005
402200000,419076005
402205005,126485001
402238001,126485001
402239009,126485001
402245001,419076005
402296004,126485001
402297008,126485001
402298003,126485001
402300003,126485001
402304007,126485001
402305008,126485001
402307000,126485001
402308005,126485001
402309002,126485001
402310007,126485001
402311006,126485001
402312004,126485001
402313009,126485001
402326008,126485001
402327004,126485001
402340009,126485001
402348002,126485001
402349005,126485001
402359006,126485001
402381001,126485001
402382008,65124004
402383003,419076005
402385005,126485001
402386006,126485001
402387002,65124004
402392000,419076005
402393005,126485001
402395003,419076005
402397006,126485001
402398001,126485001
402399009,126485001
402400002,126485001
402401003,65124004
402402005,419076005
402403000,126485001
402404006,65124004
402407004,65124004
402408009,126485001
402409001,126485001
402411005,65124004
402413008,126485001
402414002,126485001
402415001,126485001
402416000,126485001
402417009,126485001
402465005,419076005
402466006,419076005
402467002,419076005
402601007,126485001
402644006,126485001
402656007,126485001
402658008,126485001
402663007,126485001
402670007,419076005
402672004,419076005
402674003,419076005
402763002,419076005
402836009,126485001
402855009,126485001
402860008,126485001
402866002,419076005
403130009,126485001
403176008,419076005
403325003,126485001
403372003,126485001
403373008,126485001
403382002,419076005
403383007,419076005
403384001,419076005
403385000,419076005
403386004,419076005
403387008,419076005
403388003,419076005
403426003,126485001
403470007,419076005
403510002,126485001
403574001,126485001
403575000,126485001
403576004,126485001
403579006,419076005
403584000,126485001
403721009,419076005
403733004,126485001
403753000,419076005
403868009,126485001
404102002,126485001
404177007,419076005
404640003,419076005
404641004,419076005
405276000,419076005
405720007,419076005
405737000,419076005
405809000,419076005
405821001,419076005
406444002,419076005
407551001,419076005
407588003,267036007
407618000,419076005
407619008,419076005
407620002,419076005
407621003,419076005
407622005,419076005
407645004,419076005
408751001,419076005
409506009,74474003
409587002,62315008
409623005,419076005
409668002,419076005
409702008,419076005
409966000,62315008
410482007,126485001
410692006,419076005
410730009,419076005
413169006,419076005
413212000,74474003
413218001,74474003
413972000,419076005
413973005,419076005
414390000,74474003
414391001,74474003
414463005,419076005
414991007,419076005
416106008,419076005
416247002,419076005
416571005,419076005
416581009,419076005
416596008,419076005
416706004,419076005
416943009,419076005
417078002,419076005
417290008,419076005
417418002,419076005
417492002,419076005
417523004,419076005
417676004,419076005
417701000,419076005
418290006,126485001
418363000,126485001
419076005,419076005
419145002,419076005
419325003,419076005
420103007,419076005
420281004,126485001
420373003,419076005
420435001,419076005
420486006,419076005
420829009,419076005
421092003,419076005
421129002,419076005
421262002,65124004
421310001,419076005
421346005,419076005
421581006,65124004
421605005,419076005
421779007,419076005
421871004,419076005
421961002,419076005
422177004,267036007
422290000,419076005
422400008,16932000
422587007,16932000
423341008,419076005
423488006,419076005
424196004,419076005
424372002,419076005
424497004,419076005
424580008,16932000
424643009,419076005
424669003,419076005
425131000,419076005
425739008,62315008
426206001,419076005
426702003,419076005
426965005,419076005
427084000,419076005
427167008,65124004
427930001,419076005
427931002,419076005
428218004,419076005
428786006,65124004
429299000,419076005
430097009,419076005
430349003,74474003
430479006,419076005
431237007,419076005
432414001,419076005
432789001,419076005
432994008,419076005
438457000,65124004
439442003,74474003
439500002,419076005
440121002,419076005
440630006,419076005
441681009,419076005
441708007,65124004
441796004,419076005
441804001,65124004
441913003,419076005
441974004,65124004
441998006,65124004
442279002,126485001
442394001,65124004
442433009,419076005
442511009,419076005
442648006,65124004
442664003,65124004
442773002,419076005
442778006,65124004
443094001,419076005
443110007,419076005
443111006,419076005
443115002,419076005
443164005,419076005
443168008,419076005
443339000,419076005
443514008,419076005
443710002,419076005
444100007,126485001
444673007,16932000
444848005,419076005
444956007,419076005
445011005,419076005
445054000,419076005
445088006,419076005
445124008,419076005
445126005,419076005
445162006,74474003
445163001,74474003
445174005,419076005
445256008,419076005
445280007,419076005
445281006,419076005
445329008,126485001
445341001,419076005
445345005,419076005
445374001,419076005
445385004,65124004
445471005,419076005
445472003,419076005
445718006,419076005
446096008,419076005
448090008,419076005
448091007,419076005
448177004,419076005
448178009,419076005
448765001,419076005
449329002,65124004
449614009,65124004
449615005,65124004
449618007,65124004
449619004,65124004
449620005,419076005
449621009,419076005
449707004,419076005
449740008,65124004
449814007,419076005
449884001,419076005
449890002,419076005
449917004,419076005
462162008,419076005
473188002,419076005
473327001,419076005
609328004,419076005
609376003,419076005
609406000,419076005
609407009,419076005
609526004,126485001
609558009,419076005
609559001,419076005
698065002,419076005
698352000,74474003
698638005,419076005
698640000,419076005
698861005,16932000
698941003,419076005
698957003,419076005
698975002,419076005
698987009,419076005
698988004,419076005
698989007,419076005
698990003,419076005
698991004,419076005
699031007,65124004
699105008,419076005
699107000,419076005
699376002,65124004
699392007,126485001
700057001,419076005
700298002,126485001
700327003,419076005
700339006,419076005
700346002,126485001
700454004,419076005
700458001,419076005
702535006,419076005
702581006,419076005
702617007,126485001
702955000,419076005
703283003,419076005
703316004,419076005
703406006,62315008
703453009,419076005
703630003,419076005
703845008,419076005
704114003,419076005
704190008,419076005
704648003,419076005
706913006,419076005
707150004,126485001
707151000,126485001
707247006,126485001
707248001,126485001
707249009,126485001
707250009,126485001
708093000,419076005
709424004,74474003
711384005,419076005
711435001,126485001
711441008,74474003
711553009,419076005
712509002,74474003
712510007,74474003
712537009,419076005
713204000,419076005
713412006,419076005
713514005,419076005
713608008,419076005
713674006,419076005
714278008,74474003
714522006,419076005
716277000,62315008
716475005,419076005
716477002,419076005
716478007,419076005
716479004,419076005
716480001,419076005
716481002,419076005
716482009,419076005
716483004,419076005
716484005,419076005
716503004,419076005
717055000,126485001
717061002,126485001
717868009,74474003
717872008,419076005
717882009,74474003
718068005,126485001
718215008,126485001
718217000,419076005
718519003,419076005
720009004,62315008
720493003,126485001
720599002,419076005
720986005,419076005
721083007,419076005
721171007,126485001
721179009,74474003
721180007,126485001
721181006,419076005
721210009,419076005
721212001,126485001
721542002,126485001
721543007,126485001
721615009,62315008
721690003,74474003
721978002,419076005
721979005,419076005
722391005,126485001
722392003,62315008
722607009,419076005
722886001,74474003
722933003,16932000
722981005,419076005
722982003,419076005
723003004,126485001
723010005,126485001
723011009,126485001
723012002,126485001
723013007,126485001
723014001,126485001
723015000,126485001
723024009,419076005
723177002,419076005
723363009,419076005
724447005,419076005
724465009,126485001
724511006,126485001
724844008,126485001
724854007,126485001
724858005,419076005
724877007,126485001
725058003,419076005
725119006,126485001
725148000,126485001
726476005,126485001
733037000,419076005
733110004,126485001
733206005,126485001
734019006,62315008
734884008,62315008
734947007,419076005
734987002,419076005
734988007,419076005
734989004,419076005
735173007,39579001
735392002,419076005
735445000,419076005
735448003,39579001
735588005,419076005
735622003,419076005
735727004,74474003
735729001,74474003
737047001,419076005
737048006,419076005
737049003,419076005
737050003,419076005
737193000,419076005
737234002,419076005
737237009,419076005
737239007,419076005
762279002,16932000
762521001,419076005
762543009,126485001
762896009,65124004
762897000,65124004
762898005,65124004
762915008,65124004
762916009,65124004
762917000,65124004
763767006,126485001
765480005,16932000
768946000,126485001
768961004,126485001
768962006,126485001
769087009,16932000
769217008,419076005
769218003,419076005
769219006,419076005
769220000,419076005
769221001,419076005
769222008,419076005
770097006,419076005
770323005,419076005
770678005,419076005
771471002,419076005
773579007,62315008
774211005,126485001
778075008,126485001
781474001,419076005
782513000,419076005
782520007,419076005
784327005,126485001
784328000,126485001
784339002,126485001
785727000,62315008
788161007,419076005
788162000,419076005
788914007,419076005
789007001,419076005
816179007,419076005
816180005,419076005
816181009,419076005
816182002,419076005
816183007,419076005
816184001,419076005
816185000,419076005
816186004,419076005
816190002,419076005
816194006,419076005
816195007,419076005
816196008,419076005
823012003,65124004
823013008,65124004
823014002,65124004
827044000,126485001
827051009,126485001
827052002,126485001
829986000,419076005
830139001,419076005
833288009,65124004
838459007,419076005
840448004,419076005
844575001,65124004
846577007,65124004
846579005,65124004
846686009,126485001
846694002,419076005
860797003,419076005
860976009,65124004
863889003,419076005
863890007,419076005
863891006,419076005
863892004,419076005
863893009,419076005
863894003,126485001
863907000,419076005
863908005,419076005
863909002,126485001
863910007,65124004
863935001,65124004
865918002,419076005
866111002,419076005
866112009,419076005
870271009,126485001
870315009,65124004
870328002,126485001
870421009,419076005
870529009,419076005
870535009,267036007
870733000,419076005
871554001,419076005
871745001,419076005
871778008,419076005
871781003,419076005
871926004,39579001
871927008,419076005
871930001,39579001
871931002,419076005
890090001,126485001
890183008,419076005
1002229008,126485001
1137376007,126485001
1141793000,126485001
1142046003,126485001
1148555003,74474003
1148891004,126485001
251000119105,419076005
1461000119109,419076005
2611000119103,419076005
5771000119106,419076005
6411000179107,419076005
7071000119102,74474003
19901000119103,419076005
27621000119100,419076005
28331000119107,419076005
29731000119103,74474003
40241000119109,74474003
40271000119102,74474003
70831000119103,419076005
74011000119107,419076005
83011000119100,419076005
97331000119101,419076005
97341000119105,419076005
97801000119102,74474003
99031000119107,419076005
109171000119104,419076005
123411000119106,74474003
124911000119100,126485001
124991000119109,419076005
125001000119103,419076005
125011000119100,419076005
125021000119107,419076005
129571000119102,419076005
134021000119105,16932000
145611000119107,419076005
146291000119108,16932000
150721000119102,74474003
153491000119103,419076005
153501000119105,419076005
166481000000107,419076005
190191000119107,74474003
198511000000103,419076005
202161000119104,419076005
218541000119109,74474003
240091000000105,419076005
294001000119105,16932000
307081000000106,419076005
307111000000103,419076005
330011000119102,419076005
330821000119100,126485001
330841000119106,126485001
330851000119108,126485001
330871000119104,126485001
332851000119107,419076005
333471000119109,419076005
335541000119100,419076005
335551000119103,419076005
335791000119101,419076005
335981000119102,419076005
336241000119105,419076005
339081000119104,419076005
341151000119108,419076005
341161000119105,419076005
341401000119104,419076005
341591000119109,419076005
341851000119102,419076005
342461000119105,419076005
342471000119104,419076005
342481000119101,419076005
342491000119103,419076005
342501000119105,419076005
342511000119108,419076005
344231000119109,419076005
344831000119105,419076005
346411000119106,419076005
346421000119104,419076005
346651000119109,419076005
346811000119109,419076005
347061000119104,419076005
348101000119102,419076005
348371000119109,419076005
348551000119107,419076005
348821000119101,419076005
349131000119103,419076005
349321000119104,419076005
361761000000106,419076005
441361000124104,419076005
511201000000101,419076005
511211000000104,419076005
511221000000105,419076005
516331000000107,419076005
517881000000100,419076005
518121000000108,419076005
519381000000101,419076005
520231000000107,419076005
678981000119101,419076005
679001000119103,419076005
715831000000109,419076005
716111000000102,419076005
716831000000103,419076005
755581000000101,419076005
755591000000104,419076005
755601000000105,419076005
755611000000107,419076005
763511000000102,419076005
764691000000109,419076005
764851000000102,419076005
773611000000105,65124004
781091000000100,419076005
810511000000109,419076005
812681000000102,16932000
821491000000101,62315008
823391000000109,419076005
852051000000107,267036007
854161000000102,419076005
860741000000100,419076005
860761000000104,419076005
860811000000106,419076005
860851000000105,419076005
862231000000103,419076005
867311000000104,419076005
877191000000104,419076005
877211000000100,419076005
889721000000102,419076005
908061000000106,419076005
908101000000108,419076005
919621000000103,419076005
921261000000101,419076005
925701000000107,419076005
926181000000107,419076005
934571000000105,419076005
944141000000108,419076005
1035521000000103,419076005
1035841000000108,419076005
1049221000000102,419076005
1082631000119106,74474003
1082701000119105,74474003
1082711000119108,74474003
1083261000119107,419076005
1083441000119109,419076005
1084061000000106,419076005
1085121000119107,74474003
1085171000119108,74474003
1085221000119103,74474003
1085271000119102,74474003
1085431000119101,74474003
1085791000119105,74474003
1085841000119108,74474003
1085891000119100,74474003
1085941000119104,74474003
1086031000119101,74474003
1086041000119105,74474003
1086461000119101,74474003
1086481000119105,74474003
1086551000119102,74474003
1086561000119100,74474003
1086571000119106,74474003
1086581000119109,74474003
1086591000119107,74474003
1086601000119100,74474003
1086701000000102,419076005
1086951000119108,74474003
1087161000119105,74474003
1087811000119103,74474003
1088591000119108,419076005
1090361000119108,74474003
1091201000119109,419076005
1092881000119105,74474003
1092941000119109,74474003
10629311000119107,126485001
10650831000119101,419076005
10652791000119106,419076005
10674711000119105,419076005
10674991000119104,419076005
10675431000119106,419076005
10675471000119109,419076005
10675551000119104,419076005
10675631000119109,419076005
10675711000119106,419076005
10675871000119106,419076005
10675911000119109,419076005
10675991000119100,419076005
10676111000119102,419076005
10676231000119102,419076005
10676391000119108,419076005
10676431000119103,419076005
10676511000119109,419076005
10676591000119100,419076005
10676671000119102,419076005
10676911000119100,126485001
10677871000119101,65124004
10677951000119102,65124004
10677991000119107,65124004
10678191000119105,65124004
10678231000119101,65124004
10678271000119103,65124004
10678351000119102,65124004
10678431000119102,65124004
10678471000119104,65124004
10678511000119108,65124004
10678591000119104,65124004
10678631000119104,65124004
10678671000119101,65124004
10678711000119102,65124004
10678751000119101,65124004
10678791000119106,65124004
10678831000119100,65124004
10678911000119104,65124004
10678951000119103,65124004
10679031000119101,65124004
10679071000119103,65124004
10679151000119106,65124004
10679191000119101,65124004
10679231000119105,65124004
10679271000119108,65124004
10679311000119108,65124004
10679351000119109,65124004
10679431000119109,65124004
10679591000119107,65124004
10692081000119100,65124004
10692131000119100,65124004
10942751000119100,419076005
10942791000119105,419076005
11718971000119100,62315008
11995691000119109,419076005
11995791000119103,419076005
12275171000119105,419076005
12275221000119100,419076005
15633761000119102,65124004
15637871000119106,419076005
15637921000119102,419076005
15637971000119101,419076005
15638021000119100,419076005
15638071000119104,419076005
15639131000119107,419076005
15639181000119108,419076005
15639231000119102,419076005
15732321000119108,419076005
15736121000119105,419076005
15742641000119105,65124004
15742681000119100,65124004
15742721000119106,65124004
15742801000119109,65124004
15929861000119106,419076005
15929941000119103,419076005
15930061000119106,419076005
15930101000119109,419076005
15930141000119106,419076005
15930181000119101,419076005
15930221000119109,419076005
15930261000119104,419076005
15930301000119107,419076005
15930341000119109,419076005
15930381000119104,419076005
15952101000119109,65124004
15952141000119106,65124004
15952181000119101,65124004
15970021000119103,74474003
15970261000119101,74474003
15970301000119109,74474003
15970341000119106,74474003
15988671000119100,419076005
16055151000119105,74474003
16059391000119101,65124004
16076691000119100,419076005
16227771000119102,126485001
16227811000119102,126485001
16227851000119101,126485001
16696781000119108,65124004
16711191000119109,419076005
16711231000119100,419076005
16711271000119102,419076005
16711351000119101,419076005
16711391000119106,419076005
16711431000119101,419076005
674814021000119106,419076005
